<?xml version="1.0" encoding="UTF-8"?>
<GenRun Id="impl_1" LaunchPart="xc7a35tcpg236-1" LaunchTime="1542631116">
  <File Type="PWROPT-DCP" Name="CPU_single_pwropt.dcp"/>
  <File Type="PA-TCL" Name="CPU_single.tcl"/>
  <File Type="REPORTS-TCL" Name="CPU_single_reports.tcl"/>
  <File Type="BG-DRC" Name="CPU_single.drc"/>
  <File Type="OPT-DCP" Name="CPU_single_opt.dcp"/>
  <File Type="OPT-HWDEF" Name="CPU_single.hwdef"/>
  <File Type="PLACE-PRE-SIMILARITY" Name="CPU_single_incremental_reuse_pre_placed.rpt"/>
  <File Type="OPT-DRC" Name="CPU_single_drc_opted.rpt"/>
  <File Type="PLACE-DCP" Name="CPU_single_placed.dcp"/>
  <File Type="POSTPLACE-PWROPT-DCP" Name="CPU_single_postplace_pwropt.dcp"/>
  <File Type="PHYSOPT-DCP" Name="CPU_single_physopt.dcp"/>
  <File Type="BG-BIT" Name="CPU_single.bit"/>
  <File Type="ROUTE-ERROR-DCP" Name="CPU_single_routed_error.dcp"/>
  <File Type="ROUTE-DCP" Name="CPU_single_routed.dcp"/>
  <File Type="ROUTE-BLACKBOX-DCP" Name="CPU_single_routed_bb.dcp"/>
  <File Type="BITSTR-MSK" Name="CPU_single.msk"/>
  <File Type="BG-BGN" Name="CPU_single.bgn"/>
  <File Type="BITSTR-RBT" Name="CPU_single.rbt"/>
  <File Type="BG-BIN" Name="CPU_single.bin"/>
  <File Type="ROUTE-TIMING-PB" Name="CPU_single_timing_summary_routed.pb"/>
  <File Type="RDI-RDI" Name="CPU_single.vdi"/>
  <File Type="POSTROUTE-PHYSOPT-DCP" Name="CPU_single_postroute_physopt.dcp"/>
  <File Type="POSTROUTE-PHYSOPT-BLACKBOX-DCP" Name="CPU_single_postroute_physopt_bb.dcp"/>
  <File Type="BITSTR-NKY" Name="CPU_single.nky"/>
  <File Type="BITSTR-BMM" Name="CPU_single_bd.bmm"/>
  <File Type="BITSTR-MMI" Name="CPU_single.mmi"/>
  <File Type="BITSTR-LTX" Name="CPU_single.ltx"/>
  <File Type="BITSTR-SYSDEF" Name="CPU_single.sysdef"/>
  <File Type="WBT-USG" Name="usage_statistics_webtalk.html"/>
  <FileSet Name="sources" Type="DesignSrcs" RelSrcDir="$PSRCDIR/sources_1">
    <Filter Type="Srcs"/>
    <File Path="$PSRCDIR/sources_1/new/ALU.v">
      <FileInfo>
        <Attr Name="ImportPath" Val="$PPRDIR/../CPU_single/CPU_single.srcs/sources_1/new/ALU.v"/>
        <Attr Name="ImportTime" Val="1542802033"/>
        <Attr Name="UsedIn" Val="synthesis"/>
        <Attr Name="UsedIn" Val="implementation"/>
        <Attr Name="UsedIn" Val="simulation"/>
      </FileInfo>
    </File>
    <File Path="$PSRCDIR/sources_1/new/ControlUnit.v">
      <FileInfo>
        <Attr Name="ImportPath" Val="$PPRDIR/../CPU_single/CPU_single.srcs/sources_1/new/ControlUnit.v"/>
        <Attr Name="ImportTime" Val="1542781981"/>
        <Attr Name="UsedIn" Val="synthesis"/>
        <Attr Name="UsedIn" Val="implementation"/>
        <Attr Name="UsedIn" Val="simulation"/>
      </FileInfo>
    </File>
    <File Path="$PSRCDIR/sources_1/new/JUMP.v">
      <FileInfo>
        <Attr Name="ImportPath" Val="$PPRDIR/../CPU_single/CPU_single.srcs/sources_1/new/JUMP.v"/>
        <Attr Name="ImportTime" Val="1542630856"/>
        <Attr Name="UsedIn" Val="synthesis"/>
        <Attr Name="UsedIn" Val="implementation"/>
        <Attr Name="UsedIn" Val="simulation"/>
      </FileInfo>
    </File>
    <File Path="$PSRCDIR/sources_1/new/Multiplexer32For2.v">
      <FileInfo>
        <Attr Name="ImportPath" Val="$PPRDIR/../CPU_single/CPU_single.srcs/sources_1/new/Multiplexer32For2.v"/>
        <Attr Name="ImportTime" Val="1542801992"/>
        <Attr Name="UsedIn" Val="synthesis"/>
        <Attr Name="UsedIn" Val="implementation"/>
        <Attr Name="UsedIn" Val="simulation"/>
      </FileInfo>
    </File>
    <File Path="$PSRCDIR/sources_1/new/Multiplexer32For4.v">
      <FileInfo>
        <Attr Name="ImportPath" Val="$PPRDIR/../CPU_single/CPU_single.srcs/sources_1/new/Multiplexer32For4.v"/>
        <Attr Name="ImportTime" Val="1542628466"/>
        <Attr Name="UsedIn" Val="synthesis"/>
        <Attr Name="UsedIn" Val="implementation"/>
        <Attr Name="UsedIn" Val="simulation"/>
      </FileInfo>
    </File>
    <File Path="$PSRCDIR/sources_1/new/Multiplexer32ForB.v">
      <FileInfo>
        <Attr Name="ImportPath" Val="$PPRDIR/../CPU_single/CPU_single.srcs/sources_1/new/Multiplexer32ForB.v"/>
        <Attr Name="ImportTime" Val="1542768722"/>
        <Attr Name="UsedIn" Val="synthesis"/>
        <Attr Name="UsedIn" Val="implementation"/>
        <Attr Name="UsedIn" Val="simulation"/>
      </FileInfo>
    </File>
    <File Path="$PSRCDIR/sources_1/new/Multiplexer32ForDB.v">
      <FileInfo>
        <Attr Name="ImportPath" Val="$PPRDIR/../CPU_single/CPU_single.srcs/sources_1/new/Multiplexer32ForDB.v"/>
        <Attr Name="ImportTime" Val="1542768535"/>
        <Attr Name="UsedIn" Val="synthesis"/>
        <Attr Name="UsedIn" Val="implementation"/>
        <Attr Name="UsedIn" Val="simulation"/>
      </FileInfo>
    </File>
    <File Path="$PSRCDIR/sources_1/new/Multiplexer5.v">
      <FileInfo>
        <Attr Name="ImportPath" Val="$PPRDIR/../CPU_single/CPU_single.srcs/sources_1/new/Multiplexer5.v"/>
        <Attr Name="ImportTime" Val="1528598566"/>
        <Attr Name="UsedIn" Val="synthesis"/>
        <Attr Name="UsedIn" Val="implementation"/>
        <Attr Name="UsedIn" Val="simulation"/>
      </FileInfo>
    </File>
    <File Path="$PSRCDIR/sources_1/new/PC.v">
      <FileInfo>
        <Attr Name="ImportPath" Val="$PPRDIR/../CPU_single/CPU_single.srcs/sources_1/new/PC.v"/>
        <Attr Name="ImportTime" Val="1542796174"/>
        <Attr Name="UsedIn" Val="synthesis"/>
        <Attr Name="UsedIn" Val="implementation"/>
        <Attr Name="UsedIn" Val="simulation"/>
      </FileInfo>
    </File>
    <File Path="$PSRCDIR/sources_1/new/PC4.v">
      <FileInfo>
        <Attr Name="ImportPath" Val="$PPRDIR/../CPU_single/CPU_single.srcs/sources_1/new/PC4.v"/>
        <Attr Name="ImportTime" Val="1542626572"/>
        <Attr Name="UsedIn" Val="synthesis"/>
        <Attr Name="UsedIn" Val="implementation"/>
        <Attr Name="UsedIn" Val="simulation"/>
      </FileInfo>
    </File>
    <File Path="$PSRCDIR/sources_1/new/RAM.v">
      <FileInfo>
        <Attr Name="ImportPath" Val="$PPRDIR/../CPU_single/CPU_single.srcs/sources_1/new/RAM.v"/>
        <Attr Name="ImportTime" Val="1528598566"/>
        <Attr Name="UsedIn" Val="synthesis"/>
        <Attr Name="UsedIn" Val="implementation"/>
        <Attr Name="UsedIn" Val="simulation"/>
      </FileInfo>
    </File>
    <File Path="$PSRCDIR/sources_1/new/ROM.v">
      <FileInfo>
        <Attr Name="ImportPath" Val="$PPRDIR/../CPU_single/CPU_single.srcs/sources_1/new/ROM.v"/>
        <Attr Name="ImportTime" Val="1542796922"/>
        <Attr Name="UsedIn" Val="synthesis"/>
        <Attr Name="UsedIn" Val="implementation"/>
        <Attr Name="UsedIn" Val="simulation"/>
      </FileInfo>
    </File>
    <File Path="$PSRCDIR/sources_1/new/RegFile.v">
      <FileInfo>
        <Attr Name="ImportPath" Val="$PPRDIR/../CPU_single/CPU_single.srcs/sources_1/new/RegFile.v"/>
        <Attr Name="ImportTime" Val="1542770148"/>
        <Attr Name="UsedIn" Val="synthesis"/>
        <Attr Name="UsedIn" Val="implementation"/>
        <Attr Name="UsedIn" Val="simulation"/>
      </FileInfo>
    </File>
    <File Path="$PSRCDIR/sources_1/new/SignZeroExtend.v">
      <FileInfo>
        <Attr Name="ImportPath" Val="$PPRDIR/../CPU_single/CPU_single.srcs/sources_1/new/SignZeroExtend.v"/>
        <Attr Name="ImportTime" Val="1528598566"/>
        <Attr Name="UsedIn" Val="synthesis"/>
        <Attr Name="UsedIn" Val="implementation"/>
        <Attr Name="UsedIn" Val="simulation"/>
      </FileInfo>
    </File>
    <File Path="$PSRCDIR/sources_1/new/CPU_single.v">
      <FileInfo>
        <Attr Name="ImportPath" Val="$PPRDIR/../CPU_single/CPU_single.srcs/sources_1/new/CPU_single.v"/>
        <Attr Name="ImportTime" Val="1542764737"/>
        <Attr Name="UsedIn" Val="synthesis"/>
        <Attr Name="UsedIn" Val="implementation"/>
        <Attr Name="UsedIn" Val="simulation"/>
      </FileInfo>
    </File>
    <File Path="$PSRCDIR/sources_1/new/7_SegLED.v">
      <FileInfo>
        <Attr Name="AutoDisabled" Val="1"/>
        <Attr Name="ImportPath" Val="$PPRDIR/../CPU_single/CPU_single.srcs/sources_1/new/7_SegLED.v"/>
        <Attr Name="ImportTime" Val="1528598566"/>
        <Attr Name="UsedIn" Val="synthesis"/>
        <Attr Name="UsedIn" Val="implementation"/>
        <Attr Name="UsedIn" Val="simulation"/>
      </FileInfo>
    </File>
    <Config>
      <Option Name="DesignMode" Val="RTL"/>
      <Option Name="TopModule" Val="CPU_single"/>
      <Option Name="TopAutoSet" Val="TRUE"/>
    </Config>
  </FileSet>
  <FileSet Name="constrs_in" Type="Constrs" RelSrcDir="$PSRCDIR/constrs_1">
    <Filter Type="Constrs"/>
    <Config>
      <Option Name="ConstrsType" Val="XDC"/>
    </Config>
  </FileSet>
  <Strategy Version="1" Minor="2">
    <StratHandle Name="Vivado Implementation Defaults" Flow="Vivado Implementation 2014"/>
    <Step Id="init_design"/>
    <Step Id="opt_design"/>
    <Step Id="power_opt_design"/>
    <Step Id="place_design"/>
    <Step Id="post_place_power_opt_design"/>
    <Step Id="phys_opt_design"/>
    <Step Id="route_design"/>
    <Step Id="post_route_phys_opt_design"/>
    <Step Id="write_bitstream"/>
  </Strategy>
</GenRun>
