<?xml version="1.0" encoding="UTF-8"?>
<GenRun Id="synth_1" LaunchPart="xc7a35tcpg236-1" LaunchTime="1542631070">
  <File Type="PA-TCL" Name="CPU_single.tcl"/>
  <File Type="REPORTS-TCL" Name="CPU_single_reports.tcl"/>
  <File Type="RDS-RDS" Name="CPU_single.vds"/>
  <File Type="RDS-UTIL" Name="CPU_single_utilization_synth.rpt"/>
  <File Type="RDS-UTIL-PB" Name="CPU_single_utilization_synth.pb"/>
  <File Type="RDS-DCP" Name="CPU_single.dcp"/>
  <FileSet Name="sources" Type="DesignSrcs" RelSrcDir="$PSRCDIR/sources_1">
    <Filter Type="Srcs"/>
    <File Path="$PSRCDIR/sources_1/new/ALU.v">
      <FileInfo>
        <Attr Name="ImportPath" Val="$PPRDIR/../CPU_single/CPU_single.srcs/sources_1/new/ALU.v"/>
        <Attr Name="ImportTime" Val="1542802033"/>
        <Attr Name="UsedIn" Val="synthesis"/>
        <Attr Name="UsedIn" Val="implementation"/>
        <Attr Name="UsedIn" Val="simulation"/>
      </FileInfo>
    </File>
    <File Path="$PSRCDIR/sources_1/new/ControlUnit.v">
      <FileInfo>
        <Attr Name="ImportPath" Val="$PPRDIR/../CPU_single/CPU_single.srcs/sources_1/new/ControlUnit.v"/>
        <Attr Name="ImportTime" Val="1542781981"/>
        <Attr Name="UsedIn" Val="synthesis"/>
        <Attr Name="UsedIn" Val="implementation"/>
        <Attr Name="UsedIn" Val="simulation"/>
      </FileInfo>
    </File>
    <File Path="$PSRCDIR/sources_1/new/JUMP.v">
      <FileInfo>
        <Attr Name="ImportPath" Val="$PPRDIR/../CPU_single/CPU_single.srcs/sources_1/new/JUMP.v"/>
        <Attr Name="ImportTime" Val="1542630856"/>
        <Attr Name="UsedIn" Val="synthesis"/>
        <Attr Name="UsedIn" Val="implementation"/>
        <Attr Name="UsedIn" Val="simulation"/>
      </FileInfo>
    </File>
    <File Path="$PSRCDIR/sources_1/new/Multiplexer32For2.v">
      <FileInfo>
        <Attr Name="ImportPath" Val="$PPRDIR/../CPU_single/CPU_single.srcs/sources_1/new/Multiplexer32For2.v"/>
        <Attr Name="ImportTime" Val="1542801992"/>
        <Attr Name="UsedIn" Val="synthesis"/>
        <Attr Name="UsedIn" Val="implementation"/>
        <Attr Name="UsedIn" Val="simulation"/>
      </FileInfo>
    </File>
    <File Path="$PSRCDIR/sources_1/new/Multiplexer32For4.v">
      <FileInfo>
        <Attr Name="ImportPath" Val="$PPRDIR/../CPU_single/CPU_single.srcs/sources_1/new/Multiplexer32For4.v"/>
        <Attr Name="ImportTime" Val="1542628466"/>
        <Attr Name="UsedIn" Val="synthesis"/>
        <Attr Name="UsedIn" Val="implementation"/>
        <Attr Name="UsedIn" Val="simulation"/>
      </FileInfo>
    </File>
    <File Path="$PSRCDIR/sources_1/new/Multiplexer32ForB.v">
      <FileInfo>
        <Attr Name="ImportPath" Val="$PPRDIR/../CPU_single/CPU_single.srcs/sources_1/new/Multiplexer32ForB.v"/>
        <Attr Name="ImportTime" Val="1542768722"/>
        <Attr Name="UsedIn" Val="synthesis"/>
        <Attr Name="UsedIn" Val="implementation"/>
        <Attr Name="UsedIn" Val="simulation"/>
      </FileInfo>
    </File>
    <File Path="$PSRCDIR/sources_1/new/Multiplexer32ForDB.v">
      <FileInfo>
        <Attr Name="ImportPath" Val="$PPRDIR/../CPU_single/CPU_single.srcs/sources_1/new/Multiplexer32ForDB.v"/>
        <Attr Name="ImportTime" Val="1542768535"/>
        <Attr Name="UsedIn" Val="synthesis"/>
        <Attr Name="UsedIn" Val="implementation"/>
        <Attr Name="UsedIn" Val="simulation"/>
      </FileInfo>
    </File>
    <File Path="$PSRCDIR/sources_1/new/Multiplexer5.v">
      <FileInfo>
        <Attr Name="ImportPath" Val="$PPRDIR/../CPU_single/CPU_single.srcs/sources_1/new/Multiplexer5.v"/>
        <Attr Name="ImportTime" Val="1528598566"/>
        <Attr Name="UsedIn" Val="synthesis"/>
        <Attr Name="UsedIn" Val="implementation"/>
        <Attr Name="UsedIn" Val="simulation"/>
      </FileInfo>
    </File>
    <File Path="$PSRCDIR/sources_1/new/PC.v">
      <FileInfo>
        <Attr Name="ImportPath" Val="$PPRDIR/../CPU_single/CPU_single.srcs/sources_1/new/PC.v"/>
        <Attr Name="ImportTime" Val="1542796174"/>
        <Attr Name="UsedIn" Val="synthesis"/>
        <Attr Name="UsedIn" Val="implementation"/>
        <Attr Name="UsedIn" Val="simulation"/>
      </FileInfo>
    </File>
    <File Path="$PSRCDIR/sources_1/new/PC4.v">
      <FileInfo>
        <Attr Name="ImportPath" Val="$PPRDIR/../CPU_single/CPU_single.srcs/sources_1/new/PC4.v"/>
        <Attr Name="ImportTime" Val="1542626572"/>
        <Attr Name="UsedIn" Val="synthesis"/>
        <Attr Name="UsedIn" Val="implementation"/>
        <Attr Name="UsedIn" Val="simulation"/>
      </FileInfo>
    </File>
    <File Path="$PSRCDIR/sources_1/new/RAM.v">
      <FileInfo>
        <Attr Name="ImportPath" Val="$PPRDIR/../CPU_single/CPU_single.srcs/sources_1/new/RAM.v"/>
        <Attr Name="ImportTime" Val="1528598566"/>
        <Attr Name="UsedIn" Val="synthesis"/>
        <Attr Name="UsedIn" Val="implementation"/>
        <Attr Name="UsedIn" Val="simulation"/>
      </FileInfo>
    </File>
    <File Path="$PSRCDIR/sources_1/new/ROM.v">
      <FileInfo>
        <Attr Name="ImportPath" Val="$PPRDIR/../CPU_single/CPU_single.srcs/sources_1/new/ROM.v"/>
        <Attr Name="ImportTime" Val="1542796922"/>
        <Attr Name="UsedIn" Val="synthesis"/>
        <Attr Name="UsedIn" Val="implementation"/>
        <Attr Name="UsedIn" Val="simulation"/>
      </FileInfo>
    </File>
    <File Path="$PSRCDIR/sources_1/new/RegFile.v">
      <FileInfo>
        <Attr Name="ImportPath" Val="$PPRDIR/../CPU_single/CPU_single.srcs/sources_1/new/RegFile.v"/>
        <Attr Name="ImportTime" Val="1542770148"/>
        <Attr Name="UsedIn" Val="synthesis"/>
        <Attr Name="UsedIn" Val="implementation"/>
        <Attr Name="UsedIn" Val="simulation"/>
      </FileInfo>
    </File>
    <File Path="$PSRCDIR/sources_1/new/SignZeroExtend.v">
      <FileInfo>
        <Attr Name="ImportPath" Val="$PPRDIR/../CPU_single/CPU_single.srcs/sources_1/new/SignZeroExtend.v"/>
        <Attr Name="ImportTime" Val="1528598566"/>
        <Attr Name="UsedIn" Val="synthesis"/>
        <Attr Name="UsedIn" Val="implementation"/>
        <Attr Name="UsedIn" Val="simulation"/>
      </FileInfo>
    </File>
    <File Path="$PSRCDIR/sources_1/new/CPU_single.v">
      <FileInfo>
        <Attr Name="ImportPath" Val="$PPRDIR/../CPU_single/CPU_single.srcs/sources_1/new/CPU_single.v"/>
        <Attr Name="ImportTime" Val="1542764737"/>
        <Attr Name="UsedIn" Val="synthesis"/>
        <Attr Name="UsedIn" Val="implementation"/>
        <Attr Name="UsedIn" Val="simulation"/>
      </FileInfo>
    </File>
    <File Path="$PSRCDIR/sources_1/new/7_SegLED.v">
      <FileInfo>
        <Attr Name="AutoDisabled" Val="1"/>
        <Attr Name="ImportPath" Val="$PPRDIR/../CPU_single/CPU_single.srcs/sources_1/new/7_SegLED.v"/>
        <Attr Name="ImportTime" Val="1528598566"/>
        <Attr Name="UsedIn" Val="synthesis"/>
        <Attr Name="UsedIn" Val="implementation"/>
        <Attr Name="UsedIn" Val="simulation"/>
      </FileInfo>
    </File>
    <Config>
      <Option Name="DesignMode" Val="RTL"/>
      <Option Name="TopModule" Val="CPU_single"/>
      <Option Name="TopAutoSet" Val="TRUE"/>
    </Config>
  </FileSet>
  <FileSet Name="constrs_in" Type="Constrs" RelSrcDir="$PSRCDIR/constrs_1">
    <Filter Type="Constrs"/>
    <Config>
      <Option Name="ConstrsType" Val="XDC"/>
    </Config>
  </FileSet>
  <Strategy Version="1" Minor="2">
    <StratHandle Name="Vivado Synthesis Defaults" Flow="Vivado Synthesis 2014"/>
    <Step Id="synth_design"/>
  </Strategy>
</GenRun>
